DBN,School Name,School Type,Enrollment,Rigorous Instruction Rating,Collaborative Teachers Rating,Supportive Environment Rating,Effective School Leadership Rating,Strong Family-Community Ties Rating,Trust Rating,Rigorous Instruction - Percent Positive,Collaborative Teachers - Percent Positive,Supportive Environment - Percent Positive,Effective School Leadership - Percent Positive,Strong Family-Community Ties - Percent Positive,Trust - Percent Positive,Quality Review - How interesting and challenging is the curriculum,Quality Review - How effective is the teaching and learning,Quality Review - How well does the school assess what students are learning,Quality Review - How clearly are high expectations communicated to students and staff,Quality Review - How well do teachers work with each other,Quality Review - How safe and inclusive is the school while supporting social-emotional growth,Quality Review - How well does the school allocate and manage resources,"Quality Review - How well does the school identify, track, and meet its goals",Quality Review - How thoughtful is the school's approach to teacher development and evaluation,Quality Review - How well are school decisions evaluated and adjusted,Quality Review - Dates of Review,Percent Female,Percent Male,Percent Neither Female nor Male,Percent English Language Learners,Percent Students with IEPs,Percentage of students recommended for general ed settings with Special Ed Teacher Support Services (SETSS),Percentage of students recommended for Integrated Co-Teaching (ICT) services,Percentage of students recommended for Special Class (SC) services,Economic Need Index,Percent in Temp Housing,Percent HRA Eligible,Student Percent - Asian,Student Percent - Black,Student Percent - Hispanic,Student Percent - Native American,Student Percent - Native Hawaiian or Pacific Islander,Student Percent - White,Teacher Percent - Asian,Teacher Percent - Black,Teacher Percent - Hispanic,Teacher Percent - Native American,Teacher Percent - Native Hawaiian or Pacific Islander,Teacher Percent - White,Borough Percent - Asian,Borough Percent - Black,Borough Percent - Hispanic,Borough Percent - Native American,Borough Percent - Native Hawaiian or Pacific Islander,Borough Percent - White,Years of principal experience at this school,Percent of teachers with 3 or more years of experience,Average Change in Student Attendance,Teacher Attendance Rate,Percentage of students with IEPs receiving all recommended special education programs,Percentage of students with IEPs receiving some recommended special education programs,Percentage of students with IEPs receiving no recommended special education programs,Percentage of students with IEPs receiving all recommended related services,Percentage of students with IEPs receiving some recommended related services,Percentage of students with IEPs receiving no recommended related services,Metric Rating - Average Change in Student Attendance,N count - Average Change in Student Attendance,Metric Value - Average Change in Student Attendance,Metric Score - Average Change in Student Attendance,Metric Rating - Integration into Non-D75 Environment,N count - Integration into Non-D75 Environment,Metric Value - Integration into Non-D75 Environment,Metric Score - Integration into Non-D75 Environment,Metric Rating - Movement of Students to Less Restrictive Environments,N count - Movement of Students to Less Restrictive Environments,Metric Value - Movement of Students to Less Restrictive Environments,Metric Score - Movement of Students to Less Restrictive Environments,Rigorous Instruction - Element Score,Rigorous Instruction - City Positive Responses,Collaborative Teachers - Element Score,Collaborative Teachers - City Positive Responses,Supportive Environment - Element Score,Supportive Environment - City Positive Responses,Effective School Leadership - Element Score,Effective School Leadership - City Positive Responses,Strong Family-Community Ties - Element Score,Strong Family-Community Ties - City Positive Responses,Trust - Element Score,Trust - City Positive Responses,Student Survey Response Rate,Teacher Survey Response Rate,Parent Survey Response Rate,Quality Review - Principal at Time of Review,Quality Review - Dates Of Review,N Count - NYSAA - ELA Percent at Level 1,Metric Value - NYSAA - ELA Percent at Level 1,N Count - NYSAA - ELA Percent at Level 2,Metric Value - NYSAA - ELA Percent at Level 2,N Count - NYSAA - ELA Percent at Level 3,Metric Value - NYSAA - ELA Percent at Level 3,N Count - NYSAA - ELA Percent at Level 4,Metric Value - NYSAA - ELA Percent at Level 4,N Count - NYSAA - Math Percent at Level 1,Metric Value - NYSAA - Math Percent at Level 1,N Count - NYSAA - Math Percent at Level 2,Metric Value - NYSAA - Math Percent at Level 2,N Count - NYSAA - Math Percent at Level 3,Metric Value - NYSAA - Math Percent at Level 3,N Count - NYSAA - Math Percent at Level 4,Metric Value - NYSAA - Math Percent at Level 4,N Count - Local Assessments,Metric Value - Local Assessments,N Count - Standard English Assessments,Metric Value - Standard English Assessments,N Count - Standard Math Assessments,Metric Value - Standard Math Assessments,"N Count - Average Student Proficiency, ELA - NYSAA","Metric Value - Average Student Proficiency, ELA - NYSAA","N Count - Average Student Proficiency, Math - NYSAA","Metric Value - Average Student Proficiency, Math - NYSAA",Geographical_District_code
75K004,P.S. K004,D75,395.0,Exceeding Target,Meeting Target,,Meeting Target,Meeting Target,Meeting Target,0.74,0.77,0.8,0.71,0.94,0.85,Well Developed,Well Developed,Well Developed,Well Developed,Well Developed,Well Developed,Well Developed,Well Developed,Proficient,Proficient,December 2017,0.223,0.777,0.0,0.294,1.0,0.033,0.0,0.942,0.894,0.114,0.848,0.066,0.542,0.289,0.035,0.018,0.048,0.079,0.395,0.096,0.0,0.0,0.36,0.168,0.328,0.299,0.009,0.004,0.172,0.1,0.719,0.008,0.948,0.91,0.06,0.02,0.93,0.01,0.07,Exceeding Target,327.0,0.008,4.03,Meeting Target,353.0,0.031,3.22,Exceeding Target,342.0,0.102,4.29,4.49,0.75,3.43,0.83,,0.82,3.48,0.83,3.98,0.94,3.04,0.88,,0.42,0.18,DEBORAH EVANS,December 2017,100.0,0.04,100.0,0.1,100.0,0.83,100.0,0.03,99.0,0.081,99.0,0.121,99.0,0.707,99.0,0.091,232.0,45.62,24.0,26.88,19.0,,100.0,0.86,99.0,0.798,19
75K036,P.S. 36,D75,398.0,Meeting Target,Meeting Target,,Approaching Target,Meeting Target,Approaching Target,0.68,0.74,0.78,0.73,0.91,0.82,Proficient,Well Developed,Proficient,Well Developed,Proficient,Well Developed,Proficient,Proficient,Well Developed,Proficient,March 2019,0.206,0.794,0.0,0.141,1.0,0.003,0.01,0.955,0.923,0.146,0.897,0.063,0.616,0.241,0.008,0.003,0.07,0.05,0.274,0.115,0.05,0.0,0.522,0.168,0.328,0.299,0.009,0.004,0.172,5.1,0.708,0.021,0.95,0.95,0.03,0.02,0.95,0.01,0.04,Exceeding Target,356.0,0.021,4.45,Meeting Target,363.0,0.066,3.92,Meeting Target,339.0,0.083,3.73,3.64,0.75,3.15,0.83,,0.82,2.96,0.83,3.38,0.94,2.71,0.88,0.17,0.58,0.18,Kevin Lenahan,March 2019,126.0,0.032,126.0,0.071,126.0,0.778,126.0,0.119,126.0,0.048,126.0,0.071,126.0,0.635,126.0,0.246,206.0,40.93,60.0,46.45,52.0,41.67,126.0,0.897,126.0,0.881,19
75K053,P.S. K053,D75,411.0,,,,,,,0.77,0.84,0.81,0.91,0.9,0.9,Well Developed,Well Developed,Well Developed,Well Developed,Well Developed,Well Developed,Well Developed,Well Developed,Well Developed,Well Developed,May 2019,0.27,0.73,0.0,0.304,1.0,0.1,0.0,0.837,0.916,0.075,0.895,0.144,0.321,0.399,0.015,0.002,0.09,0.054,0.13,0.12,0.0,0.0,0.674,0.168,0.328,0.299,0.009,0.004,0.172,12.9,0.794,0.029,0.952,0.91,0.03,0.06,0.96,,,Exceeding Target,384.0,0.029,4.71,Approaching Target,376.0,0.005,2.17,Exceeding Target,374.0,0.11,4.55,,0.75,,0.83,,0.82,,0.83,,0.94,,0.88,0.09,,0.07,HEATHER LEYKAM,May 2019,152.0,0.033,152.0,0.099,152.0,0.77,152.0,0.099,151.0,0.106,151.0,0.093,151.0,0.556,151.0,0.245,73.0,45.85,23.0,,23.0,,152.0,0.868,151.0,0.801,15
75K077,P.S. K077,D75,309.0,Exceeding Target,Exceeding Target,Exceeding Target,Exceeding Target,Exceeding Target,Meeting Target,0.82,0.89,0.85,0.89,0.98,0.91,Well Developed,Proficient,Well Developed,Well Developed,Well Developed,Well Developed,Well Developed,Well Developed,Well Developed,Well Developed,May 2018,0.191,0.809,0.0,0.311,1.0,0.084,0.0,0.88,0.902,0.084,0.867,0.23,0.372,0.22,0.003,0.003,0.168,0.05,0.417,0.05,0.0,0.0,0.452,0.168,0.328,0.299,0.009,0.004,0.172,7.8,0.75,0.033,0.949,0.92,,,0.89,,,Exceeding Target,288.0,0.033,4.84,Not Meeting Target,263.0,0.0,1.0,Exceeding Target,263.0,0.11,4.55,4.37,0.75,4.48,0.83,4.35,0.82,4.7,0.83,4.66,0.94,3.96,0.88,0.93,0.99,0.93,Ebony Russell,May 2018,129.0,0.047,129.0,0.062,129.0,0.736,129.0,0.155,128.0,0.078,128.0,0.125,128.0,0.484,128.0,0.313,188.0,58.68,,0.15,,0.15,129.0,0.891,128.0,0.797,13
75K140,P.S. K140,D75,317.0,Exceeding Target,Meeting Target,Exceeding Target,Meeting Target,Meeting Target,Approaching Target,0.68,0.8,0.74,0.81,0.91,0.84,Well Developed,Proficient,Well Developed,Well Developed,Well Developed,Well Developed,Well Developed,Proficient,Developing,Proficient,February 2018,0.161,0.839,0.0,0.107,1.0,0.101,0.028,0.849,0.928,0.237,0.909,0.047,0.621,0.284,0.006,0.0,0.028,0.05,0.413,0.163,0.0,0.0,0.3,0.168,0.328,0.299,0.009,0.004,0.172,0.4,0.75,0.035,0.948,0.8,0.16,0.04,0.95,,,Exceeding Target,294.0,0.035,4.9,Exceeding Target,301.0,0.076,4.25,Exceeding Target,278.0,0.119,4.84,4.02,0.75,3.21,0.83,4.01,0.82,3.73,0.83,3.38,0.94,2.9,0.88,0.53,0.46,0.17,RODERICK PALTON,February 2018,76.0,0.0,76.0,0.026,76.0,0.921,76.0,0.053,76.0,0.026,76.0,0.026,76.0,0.711,76.0,0.237,112.0,42.66,130.0,38.18,125.0,37.45,76.0,0.974,76.0,0.947,13
75K141,P.S. K141,D75,363.0,Meeting Target,Meeting Target,,Meeting Target,Meeting Target,Meeting Target,0.75,0.78,0.86,0.72,0.91,0.87,Well Developed,Proficient,Proficient,Proficient,Proficient,Well Developed,Well Developed,Proficient,Well Developed,Well Developed,December 2017,0.339,0.661,0.0,0.242,1.0,0.003,0.0,0.967,0.924,0.135,0.893,0.069,0.38,0.361,0.008,0.011,0.157,0.05,0.253,0.084,0.0,0.0,0.6,0.168,0.328,0.299,0.009,0.004,0.172,14.0,0.779,0.034,0.948,0.77,0.18,0.05,0.87,0.01,0.12,Exceeding Target,325.0,0.034,4.87,Approaching Target,351.0,0.011,2.5,Approaching Target,347.0,0.037,2.61,3.72,0.75,3.39,0.83,,0.82,3.56,0.83,3.69,0.94,3.4,0.88,0.07,0.64,0.44,Michele Thornton Mannix,December 2017,172.0,0.064,172.0,0.099,172.0,0.692,172.0,0.145,171.0,0.14,171.0,0.029,171.0,0.532,171.0,0.298,182.0,50.45,,0.15,,0.15,172.0,0.837,171.0,0.83,17
75K231,P.S. K231,D75,303.0,Meeting Target,Exceeding Target,Exceeding Target,Exceeding Target,Exceeding Target,Exceeding Target,0.71,0.87,0.8,0.85,0.97,0.94,Proficient,Proficient,Proficient,Well Developed,Well Developed,Well Developed,Well Developed,Well Developed,Well Developed,Well Developed,December 2017,0.248,0.752,0.0,0.35,1.0,0.079,0.013,0.884,0.903,0.046,0.881,0.251,0.165,0.201,0.003,0.003,0.36,0.054,0.054,0.065,0.0,0.0,0.793,0.168,0.328,0.299,0.009,0.004,0.172,5.5,0.772,0.022,0.956,0.97,,,0.96,0.01,0.03,Exceeding Target,284.0,0.022,4.48,Approaching Target,284.0,0.007,2.28,Exceeding Target,282.0,0.124,4.99,3.38,0.75,4.43,0.83,4.12,0.82,4.51,0.83,4.4,0.94,4.2,0.88,0.58,0.83,0.56,ELIZABETH RUEDA MATTOCK,December 2017,191.0,0.031,191.0,0.089,191.0,0.696,191.0,0.183,191.0,0.089,191.0,0.099,191.0,0.508,191.0,0.304,110.0,51.87,18.0,,21.0,,191.0,0.88,191.0,0.812,20
75K368,P.S. 368,D75,220.0,Meeting Target,Meeting Target,,Approaching Target,,,0.69,0.77,0.71,0.78,0.93,0.79,Well Developed,Well Developed,Proficient,Proficient,Well Developed,,,,,,"March 31-April 1, 2015",0.327,0.673,0.0,0.114,0.95,0.005,0.014,0.891,0.934,0.25,0.909,0.036,0.5,0.359,0.0,0.0,0.095,0.05,0.394,0.167,0.0,0.0,0.318,0.168,0.328,0.299,0.009,0.004,0.172,5.1,0.758,0.009,0.938,0.65,0.24,0.11,0.9,,,Exceeding Target,189.0,0.009,4.06,Exceeding Target,191.0,0.105,4.99,Approaching Target,171.0,0.053,2.94,3.98,0.75,3.71,0.83,,0.82,2.9,0.83,,0.94,,0.88,0.14,0.3,0.2,Joycelyn Nedd,"March 31-April 1, 2015",20.0,0.1,20.0,0.1,20.0,0.6,20.0,0.2,20.0,0.15,20.0,0.2,20.0,0.45,20.0,0.2,52.0,63.13,46.0,38.2,39.0,28.41,20.0,0.8,20.0,0.65,14
75K369,P.S. K369 - Coy L. Cox School,D75,497.0,Meeting Target,Meeting Target,Meeting Target,Meeting Target,Meeting Target,Meeting Target,0.74,0.85,0.79,0.84,0.93,0.88,Proficient,Proficient,Developing,Proficient,Proficient,Well Developed,Well Developed,Proficient,Developing,Developing,December 2017,0.203,0.797,0.0,0.179,0.996,0.087,0.014,0.845,0.915,0.107,0.883,0.078,0.463,0.34,0.014,0.004,0.08,0.048,0.24,0.112,0.0,0.0,0.568,0.168,0.328,0.299,0.009,0.004,0.172,5.6,0.864,0.021,0.938,0.9,0.05,0.05,0.91,,,Exceeding Target,458.0,0.021,4.45,Meeting Target,437.0,0.037,3.34,Meeting Target,421.0,0.064,3.22,3.09,0.75,3.2,0.83,3.88,0.82,3.57,0.83,3.59,0.94,3.49,0.88,0.63,0.65,0.37,Majorie Dalrymple,December 2017,135.0,0.03,135.0,0.104,135.0,0.674,135.0,0.193,134.0,0.067,134.0,0.082,134.0,0.522,134.0,0.328,175.0,47.25,101.0,52.55,89.0,37.29,135.0,0.867,134.0,0.851,15
75K370,P.S. 370,D75,251.0,Meeting Target,Meeting Target,,Meeting Target,Meeting Target,Exceeding Target,0.78,0.88,0.93,0.83,0.94,0.94,Proficient,Developing,Proficient,Proficient,Developing,Proficient,Proficient,Proficient,Proficient,Developing,October 2018,0.247,0.753,0.0,0.339,1.0,0.08,0.004,0.865,0.879,0.048,0.849,0.231,0.239,0.231,0.004,0.008,0.259,0.079,0.19,0.079,0.0,0.0,0.635,0.168,0.328,0.299,0.009,0.004,0.172,17.2,0.714,0.04,0.956,0.84,0.16,0.0,0.95,0.01,0.04,Exceeding Target,237.0,0.04,4.99,Approaching Target,208.0,0.019,2.94,Meeting Target,204.0,0.064,3.22,3.2,0.75,3.34,0.83,,0.82,3.28,0.83,3.67,0.94,4.13,0.88,0.24,0.56,0.37,SUSAN MILLER,October 2018,73.0,0.11,73.0,0.055,73.0,0.699,73.0,0.137,74.0,0.135,74.0,0.041,74.0,0.595,74.0,0.23,140.0,48.03,25.0,,26.0,,73.0,0.836,74.0,0.824,21
75K371,P.S. 371 - Lillian L. Rashkis,D75,223.0,Approaching Target,Approaching Target,Approaching Target,Meeting Target,Meeting Target,Approaching Target,0.68,0.74,0.62,0.74,0.92,0.78,Proficient,Proficient,Developing,Proficient,Proficient,Proficient,Proficient,Well Developed,Proficient,Proficient,May 2017,0.3,0.7,0.0,0.22,0.964,0.081,0.013,0.677,0.975,0.112,0.937,0.072,0.404,0.341,0.045,0.022,0.117,0.05,0.156,0.05,0.0,0.0,0.644,0.168,0.328,0.299,0.009,0.004,0.172,1.7,0.844,-0.039,0.95,0.59,0.27,0.14,0.84,,,Approaching Target,211.0,-0.039,2.38,Meeting Target,166.0,0.042,3.44,Meeting Target,159.0,0.069,3.35,2.86,0.75,2.78,0.83,2.36,0.82,3.31,0.83,3.33,0.94,2.37,0.88,0.31,0.41,0.26,JOAN ANTONELLI,May 2017,20.0,0.0,20.0,0.15,20.0,0.6,20.0,0.25,20.0,0.0,20.0,0.15,20.0,0.55,20.0,0.3,50.0,50.52,17.0,,15.0,0.15,20.0,0.85,20.0,0.85,15
75K372,P.S. 372 -The Children's School,D75,186.0,Exceeding Target,Meeting Target,,Meeting Target,Meeting Target,Approaching Target,0.8,0.79,0.74,0.75,0.93,0.81,Well Developed,Proficient,Proficient,Well Developed,Proficient,Well Developed,Well Developed,Proficient,Well Developed,Proficient,May 2019,0.22,0.78,0.0,0.059,0.978,0.005,0.586,0.36,0.521,0.043,0.478,0.102,0.22,0.242,0.0,0.0,0.382,0.05,0.18,0.12,0.0,0.0,0.58,0.168,0.328,0.299,0.009,0.004,0.172,7.7,0.9,0.012,0.966,0.95,,,0.97,0.01,0.02,Exceeding Target,165.0,0.012,4.16,Exceeding Target,160.0,0.131,4.99,Meeting Target,139.0,0.072,3.43,4.0,0.75,3.47,0.83,,0.82,3.38,0.83,3.81,0.94,2.42,0.88,,0.52,0.28,Rosa Amato,May 2019,14.0,0.15,14.0,0.15,14.0,0.15,14.0,0.15,14.0,0.15,14.0,0.15,14.0,0.15,14.0,0.15,51.0,48.3,33.0,64.91,34.0,51.68,14.0,0.15,14.0,0.15,15
75K373,P.S. 373 - Brooklyn Transition Center,D75,441.0,Exceeding Target,Exceeding Target,,Exceeding Target,Exceeding Target,Exceeding Target,0.8,0.87,0.84,0.88,0.95,0.92,Well Developed,Proficient,Well Developed,Well Developed,Well Developed,,,,,,"February 25 & 26, 2015",0.313,0.687,0.0,0.222,0.977,0.029,0.002,0.776,0.931,0.084,0.912,0.023,0.535,0.351,0.009,0.007,0.07,0.078,0.322,0.122,0.0,0.0,0.389,0.168,0.328,0.299,0.009,0.004,0.172,1.5,0.633,0.009,0.957,0.89,,,0.9,,,Exceeding Target,436.0,0.009,4.06,Not Meeting Target,378.0,0.0,1.0,Meeting Target,378.0,0.056,3.0,4.34,0.75,4.4,0.83,,0.82,4.12,0.83,4.06,0.94,4.01,0.88,0.15,1.0,0.6,Regina Tottenham,"February 25 & 26, 2015",60.0,0.0,60.0,0.033,60.0,0.633,60.0,0.333,60.0,0.017,60.0,0.017,60.0,0.4,60.0,0.567,,0.15,,0.15,,0.15,60.0,0.967,60.0,0.967,14
75K396,Sid Miller Academy,D75,463.0,Exceeding Target,Meeting Target,Exceeding Target,Meeting Target,Meeting Target,Meeting Target,0.75,0.8,0.84,0.78,0.93,0.85,Well Developed,Well Developed,Proficient,Well Developed,Well Developed,Well Developed,Well Developed,Proficient,Well Developed,Well Developed,April 2019,0.27,0.73,0.0,0.179,1.0,0.035,0.0,0.942,0.916,0.186,0.883,0.071,0.54,0.186,0.136,0.002,0.058,0.098,0.472,0.081,0.0,0.0,0.276,0.168,0.328,0.299,0.009,0.004,0.172,5.6,0.699,0.013,0.959,0.94,0.03,0.03,0.96,,,Exceeding Target,408.0,0.013,4.19,Approaching Target,423.0,0.002,2.0,Meeting Target,422.0,0.069,3.35,4.24,0.75,3.96,0.83,4.14,0.82,3.94,0.83,3.72,0.94,3.0,0.88,0.53,0.7,0.32,Keisha McCoy-Dailey,April 2019,274.0,0.022,274.0,0.066,274.0,0.73,274.0,0.182,275.0,0.055,275.0,0.069,275.0,0.571,275.0,0.305,385.0,51.69,,0.15,,0.15,274.0,0.912,275.0,0.876,23
75K721,P.S. K721 - Brooklyn Occupational Training Center,D75,462.0,Exceeding Target,Exceeding Target,,Exceeding Target,Meeting Target,Meeting Target,0.78,0.87,0.88,0.88,0.94,0.89,Well Developed,Well Developed,Well Developed,Well Developed,Well Developed,Well Developed,Well Developed,Well Developed,Well Developed,Well Developed,April 2019,0.331,0.669,0.0,0.307,0.998,0.019,0.0,0.807,0.931,0.069,0.911,0.117,0.346,0.251,0.037,0.006,0.234,0.125,0.177,0.063,0.0,0.0,0.573,0.168,0.328,0.299,0.009,0.004,0.172,11.7,0.813,0.032,0.958,0.87,,,0.93,,,Exceeding Target,452.0,0.032,4.81,Not Meeting Target,360.0,0.0,1.0,Approaching Target,360.0,0.05,2.88,4.66,0.75,4.42,0.83,,0.82,4.63,0.83,3.89,0.94,3.7,0.88,0.29,0.75,0.37,BARBARA TREMBLAY,April 2019,76.0,0.105,76.0,0.197,76.0,0.658,76.0,0.039,76.0,0.132,76.0,0.145,76.0,0.579,76.0,0.145,271.0,47.3,,0.15,,0.15,76.0,0.697,76.0,0.724,21
75K753,P.S. K753 - School for Career Development,D75,360.0,Exceeding Target,Exceeding Target,Meeting Target,Exceeding Target,Meeting Target,Meeting Target,0.86,0.91,0.85,0.89,0.91,0.91,Well Developed,Proficient,Well Developed,Well Developed,Well Developed,Well Developed,Well Developed,Well Developed,Well Developed,Well Developed,December 2017,0.233,0.767,0.0,0.133,0.994,0.056,0.006,0.794,0.945,0.142,0.928,0.008,0.7,0.219,0.003,0.011,0.05,0.05,0.544,0.111,0.0,0.0,0.2,0.168,0.328,0.299,0.009,0.004,0.172,17.1,0.533,-0.024,0.967,0.85,0.09,0.05,0.74,,,Approaching Target,340.0,-0.024,2.68,Meeting Target,261.0,0.031,3.22,Meeting Target,253.0,0.083,3.73,4.42,0.75,4.61,0.83,3.78,0.82,4.66,0.83,3.38,0.94,3.75,0.88,0.5,0.83,0.52,YVROSE PIERRE,December 2017,77.0,0.0,77.0,0.117,77.0,0.662,77.0,0.221,77.0,0.065,77.0,0.065,77.0,0.636,77.0,0.234,176.0,47.96,30.0,,32.0,,77.0,0.883,77.0,0.87,13
75K771,P.S. K771,D75,545.0,Exceeding Target,Exceeding Target,Exceeding Target,Meeting Target,,,0.77,0.89,0.9,0.85,0.91,0.92,Well Developed,Well Developed,Well Developed,Well Developed,Well Developed,,,,,,3-Feb-16,0.268,0.732,0.0,0.253,1.0,0.125,0.006,0.822,0.843,0.053,0.813,0.215,0.354,0.196,0.013,0.004,0.206,0.065,0.245,0.094,0.0,0.0,0.532,0.168,0.328,0.299,0.009,0.004,0.172,3.6,0.784,0.016,0.935,0.88,0.09,0.02,0.93,,,Exceeding Target,454.0,0.016,4.29,Approaching Target,452.0,0.007,2.28,Meeting Target,449.0,0.087,3.84,4.66,0.75,4.53,0.83,4.38,0.82,3.75,0.83,,0.94,,0.88,0.49,0.34,0.23,Denise Danna,3-Feb-16,208.0,0.043,208.0,0.048,208.0,0.721,208.0,0.188,208.0,0.096,208.0,0.063,208.0,0.514,208.0,0.327,287.0,51.67,46.0,,41.0,,208.0,0.909,208.0,0.841,21
75K811,P.S. K811 Connie Lekas School,D75,276.0,Exceeding Target,Exceeding Target,,Exceeding Target,Meeting Target,Meeting Target,0.83,0.89,0.84,0.88,0.93,0.9,Well Developed,Well Developed,Well Developed,Well Developed,Well Developed,,,,,,12-Jan-16,0.391,0.609,0.0,0.308,0.996,0.069,0.0,0.768,0.949,0.083,0.935,0.098,0.424,0.312,0.025,0.007,0.134,0.129,0.274,0.05,0.0,0.0,0.484,0.168,0.328,0.299,0.009,0.004,0.172,15.1,0.887,0.048,0.945,0.87,0.08,0.05,0.91,0.01,0.09,Exceeding Target,271.0,0.048,4.99,Approaching Target,246.0,0.012,2.56,Meeting Target,243.0,0.078,3.59,4.73,0.75,4.51,0.83,,0.82,4.01,0.83,3.81,0.94,3.64,0.88,0.29,0.55,0.22,Antoinette Rose,12-Jan-16,49.0,0.184,49.0,0.204,49.0,0.531,49.0,0.082,49.0,0.122,49.0,0.204,49.0,0.531,49.0,0.143,212.0,54.87,,0.15,,0.15,49.0,0.612,49.0,0.673,22
75M035,P.S. 035,D75,241.0,Meeting Target,Meeting Target,Meeting Target,Meeting Target,Meeting Target,Meeting Target,0.77,0.84,0.78,0.86,0.9,0.88,Well Developed,Proficient,Proficient,Well Developed,Well Developed,Proficient,Well Developed,Proficient,Proficient,Proficient,May 2018,0.336,0.647,0.017,0.066,0.876,0.0,0.054,0.573,0.887,0.178,0.859,0.037,0.436,0.415,0.017,0.0,0.079,0.097,0.21,0.161,0.0,0.0,0.484,0.117,0.224,0.454,0.007,0.003,0.161,25.4,0.887,-0.024,0.953,0.14,0.6,0.26,0.86,0.0,0.14,Approaching Target,193.0,-0.024,2.68,Exceeding Target,170.0,0.212,4.99,Approaching Target,134.0,0.052,2.92,3.85,0.75,3.91,0.83,3.35,0.82,3.91,0.83,3.3,0.94,3.31,0.88,0.37,0.51,0.16,MARTA BARNETT,May 2018,2.0,0.15,2.0,0.15,2.0,0.15,2.0,0.15,2.0,0.15,2.0,0.15,2.0,0.15,2.0,0.15,,0.15,48.0,63.23,51.0,43.24,2.0,0.15,2.0,0.15,2
75M079,P.S. M079 - Horan School,D75,234.0,Exceeding Target,Meeting Target,,Meeting Target,Exceeding Target,Meeting Target,0.74,0.77,0.78,0.77,0.97,0.88,Well Developed,Well Developed,Well Developed,Well Developed,Proficient,Well Developed,Well Developed,Well Developed,Proficient,Proficient,November 2017,0.269,0.731,0.0,0.329,1.0,0.0,0.0,0.778,0.975,0.111,0.94,0.004,0.363,0.594,0.0,0.013,0.026,0.05,0.364,0.236,0.0,0.0,0.309,0.117,0.224,0.454,0.007,0.003,0.161,13.0,0.655,0.048,0.959,0.81,,,0.8,,,Exceeding Target,229.0,0.048,4.99,Approaching Target,206.0,0.005,2.17,Approaching Target,205.0,0.044,2.76,4.52,0.75,3.04,0.83,,0.82,3.84,0.83,4.49,0.94,3.61,0.88,0.29,0.5,0.43,GREER PHILLIPS,November 2017,52.0,0.231,52.0,0.154,52.0,0.538,52.0,0.077,52.0,0.192,52.0,0.135,52.0,0.577,52.0,0.096,123.0,48.0,,0.15,,0.15,52.0,0.615,52.0,0.673,5
75M094,P.S. M094,D75,428.0,,,,,,,0.7,0.83,0.87,0.8,0.96,0.91,Well Developed,Proficient,Well Developed,Well Developed,Well Developed,Proficient,Well Developed,Well Developed,Well Developed,Proficient,January 2019,0.231,0.769,0.0,0.187,1.0,0.121,0.007,0.848,0.88,0.143,0.846,0.093,0.306,0.467,0.007,0.0,0.103,0.09,0.162,0.126,0.0,0.0,0.505,0.117,0.224,0.454,0.007,0.003,0.161,7.0,0.829,0.02,0.939,0.92,,,0.97,,,Exceeding Target,381.0,0.02,4.42,Approaching Target,365.0,0.011,2.5,Exceeding Target,361.0,0.094,4.03,,0.75,,0.83,,0.82,,0.83,,0.94,,0.88,0.04,0.25,0.19,JEANNE BRADLEY,January 2019,181.0,0.028,181.0,0.05,181.0,0.74,181.0,0.182,181.0,0.05,181.0,0.072,181.0,0.624,181.0,0.254,320.0,46.6,34.0,,30.0,,181.0,0.923,181.0,0.878,2
75M138,P.S. 138,D75,692.0,,,,,,,0.68,0.69,0.75,0.72,0.95,0.86,Well Developed,Proficient,Proficient,Well Developed,Well Developed,Well Developed,Well Developed,Well Developed,Proficient,Proficient,January 2018,0.276,0.724,0.0,0.263,0.997,0.092,0.007,0.829,0.936,0.111,0.906,0.027,0.283,0.616,0.007,0.003,0.055,0.111,0.142,0.204,0.05,0.0,0.463,0.117,0.224,0.454,0.007,0.003,0.161,1.1,0.698,0.019,0.966,0.9,0.07,0.03,0.91,,,Exceeding Target,619.0,0.019,4.39,Approaching Target,627.0,0.019,2.94,Meeting Target,615.0,0.068,3.32,,0.75,,0.83,,0.82,,0.83,,0.94,,0.88,0.09,0.25,0.15,Gregg Soulette,January 2018,205.0,0.054,205.0,0.141,205.0,0.712,205.0,0.093,205.0,0.112,205.0,0.112,205.0,0.649,205.0,0.127,150.0,50.15,53.0,,51.0,,205.0,0.805,205.0,0.776,5
75M169,P.S. M169 - Robert F. Kennedy,D75,305.0,,,,,,,0.71,0.91,0.68,0.94,0.93,0.85,Proficient,Proficient,Proficient,Well Developed,Proficient,Well Developed,Well Developed,Well Developed,Proficient,Well Developed,May 2019,0.233,0.767,0.0,0.105,1.0,0.079,0.033,0.872,0.927,0.252,0.902,0.01,0.449,0.482,0.023,0.003,0.033,0.05,0.118,0.118,0.0,0.0,0.658,0.117,0.224,0.454,0.007,0.003,0.161,6.1,0.803,0.044,0.95,0.86,,,0.96,0.0,0.04,Exceeding Target,267.0,0.044,4.99,Exceeding Target,285.0,0.091,4.88,Exceeding Target,259.0,0.1,4.23,,0.75,,0.83,,0.82,,0.83,,0.94,,0.88,0.25,,0.15,ELEYNA RIVAS,May 2019,81.0,0.012,81.0,0.025,81.0,0.84,81.0,0.123,80.0,0.038,80.0,0.05,80.0,0.65,80.0,0.263,140.0,42.54,90.0,50.27,99.0,46.89,81.0,0.963,80.0,0.913,2
75M226,P.S. M226,D75,260.0,Meeting Target,Meeting Target,,Meeting Target,Exceeding Target,Meeting Target,0.75,0.83,0.84,0.82,0.95,0.9,Proficient,Proficient,Well Developed,Well Developed,Well Developed,Well Developed,Well Developed,Proficient,Proficient,Proficient,February 2018,0.219,0.781,0.0,0.196,1.0,0.146,0.008,0.746,0.934,0.169,0.892,0.035,0.342,0.515,0.015,0.0,0.088,0.107,0.173,0.133,0.0,0.0,0.533,0.117,0.224,0.454,0.007,0.003,0.161,7.1,0.813,0.006,0.946,0.86,0.09,0.05,0.96,0.02,0.02,Meeting Target,239.0,0.006,3.93,Approaching Target,243.0,0.016,2.78,Meeting Target,239.0,0.075,3.51,3.86,0.75,3.82,0.83,,0.82,3.79,0.83,4.15,0.94,3.78,0.88,0.25,0.49,0.43,INMACULADA JARDI,February 2018,97.0,0.01,97.0,0.031,97.0,0.732,97.0,0.227,98.0,0.02,98.0,0.051,98.0,0.653,98.0,0.276,95.0,59.19,,0.15,,0.15,97.0,0.959,98.0,0.929,2
75M721,P.S. M721 - Manhattan Occupational Training Center,D75,194.0,,,,,,,0.78,0.93,0.81,0.96,0.94,0.92,Proficient,Proficient,Proficient,Well Developed,Proficient,Well Developed,Well Developed,Well Developed,Proficient,Proficient,January 2019,0.371,0.629,0.0,0.325,1.0,0.072,0.0,0.655,0.934,0.129,0.907,0.031,0.361,0.505,0.0,0.0,0.088,0.133,0.156,0.2,0.0,0.0,0.489,0.117,0.224,0.454,0.007,0.003,0.161,0.4,0.756,0.008,0.948,0.87,,,0.91,0.0,0.09,Exceeding Target,192.0,0.008,4.03,Not Meeting Target,163.0,0.0,1.0,Approaching Target,163.0,0.049,2.86,,0.75,,0.83,,0.82,,0.83,,0.94,,0.88,0.07,,0.35,SHOLOM FRIED,January 2019,33.0,0.03,33.0,0.121,33.0,0.576,33.0,0.273,33.0,0.03,33.0,0.182,33.0,0.636,33.0,0.152,,0.15,,0.15,,0.15,33.0,0.848,33.0,0.788,2
75M721,P.S. M721 - Manhattan Occupational Training Center,D75,194.0,,,,,,,0.78,0.93,0.81,0.96,0.94,0.92,Proficient,Proficient,Proficient,Well Developed,Proficient,Well Developed,Well Developed,Well Developed,Proficient,Proficient,January 2019,0.371,0.629,0.0,0.325,1.0,0.072,0.0,0.655,0.934,0.129,0.907,0.031,0.361,0.505,0.0,0.0,0.088,0.133,0.156,0.2,0.0,0.0,0.489,0.117,0.224,0.454,0.007,0.003,0.161,0.4,0.756,0.008,0.948,0.87,,,0.91,0.0,0.09,Exceeding Target,192.0,0.008,4.03,Not Meeting Target,163.0,0.0,1.0,Approaching Target,163.0,0.049,2.86,,0.75,,0.83,,0.82,,0.83,,0.94,,0.88,0.07,,0.35,SHOLOM FRIED,January 2019,33.0,0.03,33.0,0.121,33.0,0.576,33.0,0.273,33.0,0.03,33.0,0.182,33.0,0.636,33.0,0.152,,0.15,,0.15,,0.15,33.0,0.848,33.0,0.788,2
75M751,Manhattan School for Career Development,D75,219.0,Exceeding Target,Exceeding Target,Exceeding Target,Exceeding Target,Meeting Target,Meeting Target,0.77,0.91,0.78,0.89,0.89,0.9,Well Developed,Well Developed,Well Developed,Well Developed,Well Developed,,,,,,24-Nov-15,0.256,0.744,0.0,0.183,0.991,0.155,0.018,0.685,0.945,0.164,0.922,0.055,0.347,0.502,0.009,0.005,0.068,0.146,0.22,0.146,0.05,0.0,0.415,0.117,0.224,0.454,0.007,0.003,0.161,12.7,0.537,0.023,0.967,0.83,0.09,0.08,0.97,,,Exceeding Target,210.0,0.023,4.52,Meeting Target,178.0,0.034,3.28,Exceeding Target,172.0,0.145,4.99,4.61,0.75,4.58,0.83,4.06,0.82,4.09,0.83,3.13,0.94,3.62,0.88,0.41,0.71,0.31,Ewa Asterita,24-Nov-15,50.0,0.0,50.0,0.0,50.0,0.32,50.0,0.68,50.0,0.0,50.0,0.0,50.0,0.0,50.0,1.0,,0.15,27.0,,25.0,,50.0,1.0,50.0,1.0,1
75M811,P.S. M811 - Mickey Mantle School,D75,420.0,Exceeding Target,Exceeding Target,,Exceeding Target,Exceeding Target,Exceeding Target,0.9,0.95,0.92,0.93,0.95,0.97,Well Developed,Proficient,Proficient,Well Developed,Well Developed,Well Developed,Well Developed,Proficient,Well Developed,Proficient,May 2019,0.188,0.812,0.0,0.157,0.998,0.067,0.029,0.879,0.945,0.217,0.91,0.021,0.4,0.495,0.01,0.007,0.045,0.111,0.068,0.171,0.0,0.0,0.624,0.117,0.224,0.454,0.007,0.003,0.161,6.1,0.718,0.031,0.951,0.94,0.04,0.02,0.88,,,Exceeding Target,399.0,0.031,4.77,Meeting Target,414.0,0.056,3.72,Exceeding Target,391.0,0.22,4.99,4.07,0.75,4.78,0.83,,0.82,4.27,0.83,4.06,0.94,4.66,0.88,0.27,0.33,0.35,JOHN MCCORMICK,May 2019,144.0,0.035,144.0,0.069,144.0,0.722,144.0,0.174,144.0,0.056,144.0,0.09,144.0,0.604,144.0,0.25,,0.15,79.0,53.96,79.0,36.63,144.0,0.896,144.0,0.854,3
75Q004,P.S. Q004,D75,482.0,Exceeding Target,Exceeding Target,,Meeting Target,Exceeding Target,Meeting Target,0.83,0.88,0.97,0.81,0.99,0.91,Well Developed,Well Developed,Well Developed,Well Developed,Well Developed,,,,,,9-Dec-14,0.228,0.772,0.0,0.205,0.998,0.027,0.0,0.948,0.784,0.066,0.755,0.301,0.245,0.272,0.025,0.004,0.141,0.078,0.128,0.149,0.0,0.0,0.589,0.269,0.162,0.415,0.021,0.006,0.109,1.1,0.787,0.018,0.942,0.93,0.07,0.0,0.98,,,Exceeding Target,436.0,0.018,4.35,Meeting Target,450.0,0.029,3.18,Meeting Target,437.0,0.092,3.97,4.69,0.75,4.46,0.83,,0.82,3.43,0.83,4.77,0.94,3.86,0.88,0.13,0.49,0.37,Marcy Berger,9-Dec-14,169.0,0.03,169.0,0.089,169.0,0.746,169.0,0.136,169.0,0.03,169.0,0.089,169.0,0.645,169.0,0.237,210.0,56.72,56.0,39.05,47.0,39.62,169.0,0.882,169.0,0.882,26
75Q009,P.S. 009,D75,671.0,Approaching Target,Meeting Target,,Meeting Target,Meeting Target,Meeting Target,0.72,0.86,0.8,0.83,0.94,0.88,Proficient,Developing,Developing,Proficient,Proficient,Well Developed,Proficient,Proficient,Developing,Proficient,May 2017,0.268,0.732,0.0,0.32,0.996,0.037,0.003,0.933,0.845,0.091,0.814,0.227,0.273,0.395,0.019,0.003,0.073,0.044,0.152,0.184,0.0,0.0,0.57,0.269,0.162,0.415,0.021,0.006,0.109,1.6,0.81,0.016,0.953,0.88,0.09,0.03,0.93,,,Exceeding Target,596.0,0.016,4.29,Meeting Target,608.0,0.036,3.32,Approaching Target,586.0,0.049,2.86,2.6,0.75,3.22,0.83,,0.82,3.54,0.83,3.76,0.94,3.55,0.88,0.14,0.6,0.29,ROBERT WOJNAROWSKI,May 2017,248.0,0.105,248.0,0.121,248.0,0.669,248.0,0.105,250.0,0.172,250.0,0.12,250.0,0.492,250.0,0.216,282.0,46.08,153.0,52.53,148.0,44.78,248.0,0.774,250.0,0.708,24
75Q023,P.S. Q023 @ Queens Children Center,D75,273.0,,,,,,,0.66,0.79,0.73,0.82,0.83,0.79,,,,,,,,,,,,0.476,0.524,0.0,0.081,0.842,0.007,0.026,0.718,0.888,0.158,0.857,0.114,0.352,0.337,0.004,0.0,0.172,0.083,0.317,0.083,0.0,0.0,0.467,0.269,0.162,0.415,0.021,0.006,0.109,3.0,0.883,0.054,0.965,0.68,0.23,0.09,0.72,0.0,0.28,Exceeding Target,222.0,0.054,4.99,Exceeding Target,185.0,0.195,4.99,Approaching Target,149.0,0.054,2.96,,0.75,,0.83,,0.82,,0.83,,0.94,,0.88,0.08,0.4,0.06,,,1.0,0.15,1.0,0.15,1.0,0.15,1.0,0.15,1.0,0.15,1.0,0.15,1.0,0.15,1.0,0.15,31.0,,89.0,54.78,73.0,39.97,1.0,0.15,1.0,0.15,26
75Q075,Robert E. Peary School,D75,572.0,Meeting Target,Meeting Target,Meeting Target,Meeting Target,Meeting Target,Approaching Target,0.76,0.84,0.75,0.8,0.95,0.83,Proficient,Proficient,Proficient,Proficient,Proficient,Well Developed,Proficient,Proficient,Well Developed,Proficient,March 2018,0.25,0.75,0.0,0.297,0.998,0.031,0.002,0.941,0.838,0.098,0.809,0.147,0.278,0.432,0.035,0.012,0.079,0.05,0.209,0.129,0.0,0.0,0.576,0.269,0.162,0.415,0.021,0.006,0.109,10.2,0.856,0.016,0.935,0.79,0.1,0.11,0.96,0.01,0.03,Exceeding Target,499.0,0.016,4.29,Exceeding Target,528.0,0.083,4.54,Meeting Target,484.0,0.058,3.05,3.45,0.75,3.9,0.83,3.6,0.82,3.42,0.83,3.93,0.94,2.96,0.88,0.37,0.49,0.2,James Thorbs,March 2018,204.0,0.039,204.0,0.049,204.0,0.755,204.0,0.157,204.0,0.049,204.0,0.093,204.0,0.613,204.0,0.245,246.0,46.97,105.0,44.08,106.0,37.86,204.0,0.912,204.0,0.858,24
75Q177,P.S. Q177,D75,512.0,Meeting Target,Meeting Target,,Exceeding Target,Exceeding Target,Meeting Target,0.77,0.88,0.84,0.85,0.95,0.9,Well Developed,Proficient,Proficient,Well Developed,Proficient,Well Developed,Well Developed,Proficient,Proficient,Well Developed,March 2019,0.223,0.777,0.0,0.283,1.0,0.018,0.0,0.885,0.88,0.055,0.859,0.23,0.301,0.234,0.027,0.012,0.184,0.106,0.049,0.057,0.0,0.0,0.74,0.269,0.162,0.415,0.021,0.006,0.109,4.4,0.854,0.024,0.954,0.97,,,0.98,0.0,0.01,Exceeding Target,496.0,0.024,4.55,Approaching Target,422.0,0.002,2.0,Exceeding Target,421.0,0.128,4.99,3.92,0.75,3.69,0.83,,0.82,4.18,0.83,4.06,0.94,3.71,0.88,0.28,0.63,0.46,Christopher Duffy,March 2019,146.0,0.096,146.0,0.171,146.0,0.582,146.0,0.151,146.0,0.11,146.0,0.219,146.0,0.445,146.0,0.226,48.0,,,0.15,,0.15,146.0,0.733,146.0,0.671,26
75Q224,P.S. Q224,D75,397.0,Exceeding Target,Meeting Target,,Exceeding Target,Exceeding Target,Meeting Target,0.78,0.88,0.76,0.83,0.98,0.9,Well Developed,Well Developed,Well Developed,Well Developed,Proficient,Well Developed,Well Developed,Well Developed,Proficient,Well Developed,January 2019,0.277,0.723,0.0,0.32,1.0,0.05,0.01,0.914,0.765,0.076,0.72,0.302,0.151,0.363,0.068,0.0,0.098,0.074,0.046,0.083,0.05,0.0,0.741,0.269,0.162,0.415,0.021,0.006,0.109,2.5,0.833,0.03,0.956,0.88,,,0.95,0.02,0.03,Exceeding Target,350.0,0.03,4.74,Exceeding Target,374.0,0.072,4.08,Approaching Target,347.0,0.035,2.57,4.61,0.75,3.68,0.83,,0.82,4.46,0.83,4.65,0.94,3.69,0.88,0.07,0.55,0.35,DESMOND PARK,January 2019,125.0,0.032,125.0,0.064,125.0,0.56,125.0,0.344,125.0,0.016,125.0,0.064,125.0,0.472,125.0,0.448,196.0,57.3,64.0,56.56,64.0,49.41,125.0,0.904,125.0,0.92,26
75Q233,P.S. Q233,D75,499.0,Exceeding Target,Exceeding Target,Exceeding Target,Exceeding Target,Exceeding Target,Exceeding Target,0.81,0.93,0.89,0.9,0.96,0.95,Well Developed,Well Developed,Well Developed,Well Developed,Well Developed,,,,,,"November 24-25, 2014",0.281,0.719,0.0,0.267,0.998,0.034,0.002,0.876,0.843,0.032,0.816,0.132,0.331,0.311,0.038,0.044,0.144,0.041,0.106,0.081,0.0,0.0,0.675,0.269,0.162,0.415,0.021,0.006,0.109,20.1,0.87,0.036,0.956,0.94,,,0.96,0.01,0.03,Exceeding Target,472.0,0.036,4.94,Not Meeting Target,426.0,0.0,1.0,Approaching Target,426.0,0.042,2.71,4.73,0.75,4.69,0.83,4.49,0.82,4.32,0.83,4.23,0.94,4.24,0.88,0.44,0.71,0.65,Deborah Edmonds,"November 24-25, 2014",173.0,0.052,173.0,0.081,173.0,0.74,173.0,0.127,172.0,0.081,172.0,0.099,172.0,0.506,172.0,0.314,309.0,65.9,18.0,,,0.15,173.0,0.867,172.0,0.82,28
75Q255,P.S. Q255,D75,541.0,Exceeding Target,Exceeding Target,,Exceeding Target,Exceeding Target,Exceeding Target,0.71,0.89,0.91,0.85,0.97,0.96,Proficient,Well Developed,Well Developed,Well Developed,Well Developed,Well Developed,Well Developed,Proficient,Proficient,Well Developed,January 2019,0.226,0.774,0.0,0.421,1.0,0.026,0.0,0.963,0.823,0.046,0.793,0.257,0.107,0.375,0.02,0.002,0.192,0.084,0.054,0.139,0.05,0.0,0.681,0.269,0.162,0.415,0.021,0.006,0.109,5.3,0.753,0.015,0.948,0.92,0.06,0.01,0.96,0.03,0.02,Exceeding Target,452.0,0.015,4.26,Approaching Target,440.0,0.018,2.89,Approaching Target,432.0,0.053,2.94,4.13,0.75,4.12,0.83,,0.82,4.24,0.83,4.49,0.94,4.52,0.88,0.12,0.48,0.45,GREGG LOPEZ,January 2019,198.0,0.01,198.0,0.076,198.0,0.808,198.0,0.106,198.0,0.04,198.0,0.081,198.0,0.672,198.0,0.207,284.0,50.65,,0.15,,0.15,198.0,0.914,198.0,0.879,25
75Q256,P.S. Q256,D75,508.0,Meeting Target,Exceeding Target,,Meeting Target,Meeting Target,Meeting Target,0.67,0.87,0.76,0.84,0.94,0.86,Proficient,Proficient,Well Developed,Well Developed,Well Developed,Well Developed,Well Developed,Proficient,Proficient,Proficient,March 2018,0.264,0.736,0.0,0.169,0.892,0.02,0.016,0.811,0.862,0.114,0.829,0.063,0.472,0.331,0.026,0.008,0.098,0.05,0.122,0.038,0.0,0.0,0.786,0.269,0.162,0.415,0.021,0.006,0.109,8.5,0.786,-0.008,0.946,0.6,0.26,0.13,0.93,,,Meeting Target,439.0,-0.008,3.0,Meeting Target,405.0,0.04,3.4,Approaching Target,389.0,0.033,2.53,3.61,0.75,4.0,0.83,,0.82,3.82,0.83,3.98,0.94,3.13,0.88,0.28,0.75,0.3,Robert Lopez,March 2018,110.0,0.127,110.0,0.091,110.0,0.636,110.0,0.145,110.0,0.127,110.0,0.073,110.0,0.591,110.0,0.209,42.0,,44.0,,54.0,,110.0,0.782,110.0,0.8,0
75Q277,The Riverview School,D75,666.0,Exceeding Target,Meeting Target,,Meeting Target,Meeting Target,Approaching Target,0.68,0.78,0.81,0.74,0.93,0.85,Well Developed,Well Developed,Well Developed,Proficient,Well Developed,Proficient,Well Developed,Proficient,Well Developed,Proficient,January 2019,0.237,0.763,0.0,0.41,1.0,0.137,0.003,0.821,0.825,0.101,0.79,0.225,0.131,0.5,0.005,0.003,0.129,0.134,0.094,0.221,0.0,0.0,0.483,0.269,0.162,0.415,0.021,0.006,0.109,7.0,0.725,0.012,0.948,0.9,0.07,0.03,0.92,0.01,0.07,Exceeding Target,616.0,0.012,4.16,Approaching Target,629.0,0.013,2.61,Meeting Target,621.0,0.06,3.11,4.39,0.75,3.84,0.83,,0.82,3.27,0.83,3.5,0.94,2.89,0.88,0.12,0.7,0.31,ANNETTE BEALE,January 2019,225.0,0.053,225.0,0.12,225.0,0.742,225.0,0.084,225.0,0.107,225.0,0.102,225.0,0.627,225.0,0.164,238.0,49.16,68.0,,63.0,,225.0,0.827,225.0,0.791,24
75Q721,John F. Kennedy Jr. School,D75,514.0,Exceeding Target,Exceeding Target,,Exceeding Target,Exceeding Target,Meeting Target,0.79,0.87,0.85,0.87,0.95,0.91,Well Developed,Well Developed,Proficient,Well Developed,Well Developed,,,,,,5-Jan-16,0.311,0.689,0.0,0.436,1.0,0.049,0.0,0.77,0.912,0.056,0.893,0.158,0.181,0.469,0.021,0.01,0.154,0.121,0.154,0.264,0.0,0.0,0.363,0.269,0.162,0.415,0.021,0.006,0.109,8.2,0.714,0.009,0.949,0.89,0.04,0.07,0.96,,,Exceeding Target,506.0,0.009,4.06,Approaching Target,426.0,0.005,2.17,Approaching Target,424.0,0.05,2.88,4.31,0.75,4.42,0.83,,0.82,4.02,0.83,4.06,0.94,3.82,0.88,0.26,0.6,0.26,Henry Renelus,5-Jan-16,80.0,0.088,80.0,0.2,80.0,0.488,80.0,0.225,80.0,0.1,80.0,0.15,80.0,0.475,80.0,0.275,,0.15,,0.15,,0.15,80.0,0.713,80.0,0.75,24
75Q752,Queens Transition Center,D75,379.0,Exceeding Target,Meeting Target,Meeting Target,Meeting Target,Approaching Target,Meeting Target,0.68,0.73,0.76,0.74,0.87,0.85,Well Developed,Well Developed,Well Developed,Well Developed,Well Developed,Well Developed,Well Developed,Proficient,Well Developed,Proficient,April 2018,0.301,0.699,0.0,0.29,0.997,0.05,0.0,0.77,0.88,0.132,0.852,0.111,0.369,0.393,0.011,0.018,0.092,0.06,0.381,0.131,0.0,0.0,0.417,0.269,0.162,0.415,0.021,0.006,0.109,12.9,0.857,-0.016,0.939,0.71,0.24,0.04,0.91,,,Approaching Target,357.0,-0.016,2.84,Approaching Target,311.0,0.013,2.61,Approaching Target,307.0,0.039,2.65,4.42,0.75,3.45,0.83,3.43,0.82,3.3,0.83,2.79,0.94,3.13,0.88,0.35,0.51,0.18,FRITZY SANNON BROWN,April 2018,40.0,0.05,40.0,0.125,40.0,0.725,40.0,0.1,42.0,0.119,42.0,0.048,42.0,0.524,42.0,0.31,153.0,47.14,15.0,0.15,16.0,,40.0,0.825,42.0,0.833,28
75Q811,P.S. Q811,D75,457.0,Exceeding Target,Exceeding Target,Exceeding Target,Exceeding Target,Exceeding Target,Exceeding Target,0.75,0.93,0.83,0.91,0.96,0.95,Well Developed,Well Developed,Well Developed,Well Developed,Well Developed,,,,,,10-Feb-16,0.3,0.7,0.0,0.269,1.0,0.05,0.004,0.862,0.833,0.059,0.807,0.197,0.335,0.278,0.035,0.02,0.123,0.109,0.082,0.145,0.0,0.0,0.636,0.269,0.162,0.415,0.021,0.006,0.109,4.9,0.855,0.031,0.953,0.92,0.06,0.02,0.97,0.01,0.02,Exceeding Target,414.0,0.031,4.77,Approaching Target,369.0,0.016,2.78,Meeting Target,363.0,0.063,3.19,4.59,0.75,4.65,0.83,4.24,0.82,4.3,0.83,4.32,0.94,4.3,0.88,0.37,0.71,0.41,Penny Ryan,10-Feb-16,119.0,0.076,119.0,0.16,119.0,0.672,119.0,0.092,119.0,0.118,119.0,0.16,119.0,0.622,119.0,0.101,206.0,53.67,,0.15,,0.15,119.0,0.765,119.0,0.723,26
75Q993,P.S. Q993,D75,566.0,Exceeding Target,Exceeding Target,Exceeding Target,Exceeding Target,Exceeding Target,Exceeding Target,0.8,0.86,0.88,0.89,0.97,0.92,Well Developed,Well Developed,Well Developed,Well Developed,Well Developed,Well Developed,Well Developed,Well Developed,Proficient,Well Developed,May 2019,0.267,0.733,0.0,0.378,1.0,0.078,0.0,0.855,0.828,0.049,0.804,0.228,0.18,0.345,0.016,0.007,0.214,0.094,0.101,0.129,0.0,0.0,0.633,0.269,0.162,0.415,0.021,0.006,0.109,2.6,0.871,0.017,0.939,0.88,0.07,0.06,0.96,0.02,0.02,Exceeding Target,518.0,0.017,4.32,Approaching Target,507.0,0.018,2.89,Meeting Target,498.0,0.072,3.43,4.71,0.75,4.01,0.83,4.32,0.82,4.65,0.83,4.4,0.94,4.02,0.88,0.6,0.57,0.75,JACQUELINE ZARETSKY,May 2019,209.0,0.057,209.0,0.057,209.0,0.699,209.0,0.187,209.0,0.053,209.0,0.124,209.0,0.493,209.0,0.33,100.0,43.36,35.0,,37.0,,209.0,0.885,209.0,0.823,26
75R025,South Richmond High School I.S./P.S. 25,D75,533.0,Exceeding Target,Meeting Target,Meeting Target,Meeting Target,Meeting Target,Approaching Target,0.71,0.79,0.74,0.79,0.91,0.84,Well Developed,Well Developed,Well Developed,Well Developed,Well Developed,,,,,,10-Feb-16,0.244,0.756,0.0,0.047,0.994,0.111,0.004,0.752,0.885,0.096,0.861,0.036,0.343,0.341,0.008,0.002,0.248,0.039,0.05,0.086,0.0,0.0,0.82,0.156,0.126,0.311,0.005,0.002,0.379,4.0,0.867,0.001,0.945,0.72,,,0.97,,,Meeting Target,510.0,0.001,3.6,Exceeding Target,459.0,0.107,4.99,Meeting Target,410.0,0.056,3.0,4.46,0.75,3.94,0.83,3.64,0.82,3.19,0.83,3.38,0.94,2.83,0.88,0.5,0.5,0.19,James Mckeon,10-Feb-16,57.0,0.0,57.0,0.035,57.0,0.86,57.0,0.105,57.0,0.053,57.0,0.035,57.0,0.632,57.0,0.281,66.0,,179.0,51.58,180.0,40.81,57.0,0.965,57.0,0.912,31
75R037,The David Marquis School of the Arts,D75,436.0,Exceeding Target,Meeting Target,Exceeding Target,Exceeding Target,Exceeding Target,Meeting Target,0.78,0.86,0.89,0.81,0.99,0.92,Well Developed,Proficient,Well Developed,Well Developed,Well Developed,Well Developed,Well Developed,Well Developed,Proficient,Proficient,February 2018,0.264,0.736,0.0,0.163,1.0,0.064,0.005,0.92,0.831,0.025,0.814,0.119,0.106,0.273,0.005,0.0,0.475,0.05,0.05,0.077,0.05,0.0,0.832,0.156,0.126,0.311,0.005,0.002,0.379,2.9,0.736,0.039,0.957,0.92,0.06,0.02,0.98,,,Exceeding Target,401.0,0.039,4.99,Meeting Target,456.0,0.048,3.56,Meeting Target,434.0,0.076,3.54,4.19,0.75,3.95,0.83,4.58,0.82,4.04,0.83,4.79,0.94,3.98,0.88,0.48,0.41,0.32,FLORENCE GORSKY,February 2018,143.0,0.028,143.0,0.119,143.0,0.804,143.0,0.049,143.0,0.119,143.0,0.147,143.0,0.594,143.0,0.14,146.0,47.31,20.0,,18.0,,143.0,0.853,143.0,0.734,31
75R373,P.S. R373,D75,608.0,Exceeding Target,Meeting Target,Exceeding Target,Approaching Target,Meeting Target,Meeting Target,0.83,0.75,0.96,0.76,0.93,0.89,Well Developed,Well Developed,Well Developed,Well Developed,Well Developed,,,,,,8-Dec-15,0.263,0.737,0.0,0.156,0.998,0.053,0.0,0.91,0.852,0.053,0.829,0.141,0.248,0.298,0.005,0.013,0.245,0.05,0.037,0.099,0.0,0.0,0.815,0.156,0.126,0.311,0.005,0.002,0.379,2.7,0.827,0.033,0.954,0.88,,,0.99,0.01,0.01,Exceeding Target,524.0,0.033,4.84,Meeting Target,563.0,0.066,3.92,Exceeding Target,526.0,0.099,4.19,4.7,0.75,3.66,0.83,4.82,0.82,2.6,0.83,3.81,0.94,3.59,0.88,0.97,0.38,0.32,Paulette Benevento,8-Dec-15,151.0,0.026,151.0,0.053,151.0,0.702,151.0,0.219,151.0,0.033,151.0,0.066,151.0,0.51,151.0,0.391,121.0,56.96,96.0,56.75,101.0,43.38,151.0,0.921,151.0,0.901,31
75R721,The Richard H. Hungerford School,D75,463.0,Exceeding Target,Exceeding Target,Exceeding Target,Meeting Target,Exceeding Target,Exceeding Target,0.83,0.9,0.9,0.86,0.97,0.93,Well Developed,Well Developed,Well Developed,Well Developed,Well Developed,,,,,,"May 20-21, 2015",0.335,0.665,0.0,0.197,0.998,0.069,0.0,0.788,0.915,0.037,0.903,0.082,0.173,0.384,0.004,0.004,0.33,0.05,0.05,0.101,0.0,0.0,0.798,0.156,0.126,0.311,0.005,0.002,0.379,6.1,0.869,0.042,0.953,0.89,0.09,0.02,0.98,,,Exceeding Target,460.0,0.042,4.99,Approaching Target,366.0,0.005,2.17,Approaching Target,364.0,0.055,2.98,4.78,0.75,4.53,0.83,4.58,0.82,3.95,0.83,4.4,0.94,4.1,0.88,0.88,0.9,0.58,Dr. Mary McInerney,"May 20-21, 2015",147.0,0.082,147.0,0.116,147.0,0.653,147.0,0.15,147.0,0.163,147.0,0.143,147.0,0.388,147.0,0.306,426.0,48.5,,0.15,,0.15,147.0,0.803,147.0,0.694,31
75X010,P.S. X010,D75,642.0,Exceeding Target,Meeting Target,Exceeding Target,Meeting Target,Exceeding Target,Meeting Target,0.74,0.74,0.86,0.77,0.96,0.85,Well Developed,Well Developed,Well Developed,Well Developed,Well Developed,Well Developed,Proficient,Proficient,Well Developed,Proficient,January 2019,0.285,0.715,0.0,0.283,1.0,0.058,0.003,0.907,0.918,0.111,0.88,0.047,0.269,0.607,0.009,0.003,0.053,0.051,0.2,0.303,0.0,0.0,0.383,0.047,0.264,0.627,0.01,0.004,0.04,6.1,0.629,0.023,0.945,0.93,0.06,0.02,0.93,,,Exceeding Target,577.0,0.023,4.52,Approaching Target,586.0,0.012,2.56,Meeting Target,579.0,0.071,3.41,4.45,0.75,3.59,0.83,4.29,0.82,3.25,0.83,4.32,0.94,3.04,0.88,0.41,0.47,0.25,Christophe Reda,January 2019,200.0,0.065,200.0,0.09,200.0,0.775,200.0,0.07,201.0,0.08,201.0,0.124,201.0,0.687,201.0,0.109,289.0,52.47,80.0,44.76,79.0,42.59,200.0,0.845,201.0,0.796,8
75X012,P.S. X012 Lewis and Clark School,D75,305.0,,,,,,,0.79,0.75,0.83,0.76,0.89,0.83,Proficient,Well Developed,Proficient,Well Developed,Well Developed,Proficient,Well Developed,Proficient,Proficient,Proficient,March 2018,0.262,0.738,0.0,0.302,0.99,0.023,0.007,0.78,0.975,0.161,0.938,0.052,0.285,0.57,0.049,0.013,0.023,0.183,0.352,0.183,0.0,0.0,0.211,0.047,0.264,0.627,0.01,0.004,0.04,12.6,0.648,0.014,0.956,0.7,0.26,0.04,0.93,0.0,0.07,Exceeding Target,303.0,0.014,4.23,Meeting Target,243.0,0.025,3.1,Meeting Target,237.0,0.059,3.08,,0.75,,0.83,,0.82,,0.83,,0.94,,0.88,0.27,0.26,0.2,KUVANA JONES SANDERS,March 2018,94.0,0.043,94.0,0.17,94.0,0.723,94.0,0.064,96.0,0.094,96.0,0.177,96.0,0.594,96.0,0.135,137.0,50.62,21.0,,15.0,0.15,94.0,0.787,96.0,0.729,11
75X017,P.S. X017,D75,559.0,Meeting Target,Meeting Target,Meeting Target,Meeting Target,Meeting Target,Approaching Target,0.65,0.75,0.73,0.73,0.93,0.81,Well Developed,Proficient,Well Developed,Well Developed,Well Developed,Well Developed,Well Developed,Proficient,Well Developed,Well Developed,December 2017,0.188,0.812,0.0,0.177,0.991,0.021,0.073,0.852,0.936,0.138,0.903,0.032,0.367,0.56,0.013,0.0,0.029,0.034,0.274,0.315,0.0,0.0,0.315,0.047,0.264,0.627,0.01,0.004,0.04,1.6,0.692,0.018,0.948,0.95,0.03,0.02,0.89,0.0,0.11,Exceeding Target,513.0,0.018,4.35,Approaching Target,473.0,0.019,2.94,Exceeding Target,464.0,0.159,4.99,3.88,0.75,3.51,0.83,3.74,0.82,3.53,0.83,3.72,0.94,2.54,0.88,0.31,0.83,0.67,MARLIN HOGGARD,December 2017,152.0,0.066,152.0,0.125,152.0,0.737,152.0,0.072,152.0,0.112,152.0,0.158,152.0,0.579,152.0,0.151,228.0,50.71,114.0,48.08,96.0,43.44,152.0,0.809,152.0,0.73,7
75X168,P.S. 168,D75,574.0,Exceeding Target,Meeting Target,Exceeding Target,Meeting Target,Approaching Target,Approaching Target,0.7,0.79,0.79,0.75,0.72,0.84,Well Developed,Well Developed,Well Developed,Well Developed,Well Developed,Well Developed,Well Developed,Proficient,Well Developed,Proficient,February 2018,0.265,0.735,0.0,0.286,0.998,0.031,0.002,0.943,0.931,0.129,0.89,0.056,0.345,0.557,0.009,0.002,0.03,0.054,0.162,0.392,0.0,0.0,0.311,0.047,0.264,0.627,0.01,0.004,0.04,11.2,0.737,0.025,0.954,0.94,0.04,0.03,0.91,,,Exceeding Target,490.0,0.025,4.58,Meeting Target,524.0,0.042,3.44,Approaching Target,502.0,0.038,2.63,4.38,0.75,3.86,0.83,4.04,0.82,3.37,0.83,2.53,0.94,2.99,0.88,0.39,0.55,0.2,MAUREEN FULLERTON,February 2018,170.0,0.006,170.0,0.059,170.0,0.8,170.0,0.135,170.0,0.012,170.0,0.076,170.0,0.629,170.0,0.282,133.0,48.49,79.0,54.68,75.0,41.51,170.0,0.935,170.0,0.912,10
75X176,P.S. X176,D75,604.0,,,,,,,0.86,0.93,0.87,0.94,0.94,0.93,Well Developed,Well Developed,Well Developed,Well Developed,Well Developed,,,,,,2-Mar-16,0.217,0.783,0.0,0.136,1.0,0.076,0.0,0.821,0.91,0.061,0.882,0.023,0.384,0.528,0.008,0.002,0.053,0.05,0.244,0.207,0.0,0.0,0.474,0.047,0.264,0.627,0.01,0.004,0.04,5.0,0.748,0.015,0.949,0.87,0.12,0.02,0.95,,,Exceeding Target,596.0,0.015,4.26,Approaching Target,501.0,0.01,2.44,Meeting Target,496.0,0.058,3.05,,0.75,,0.83,,0.82,,0.83,,0.94,,0.88,0.04,,0.23,Rima Ritholtz,2-Mar-16,198.0,0.045,198.0,0.071,198.0,0.717,198.0,0.167,198.0,0.076,198.0,0.081,198.0,0.525,198.0,0.318,94.0,51.4,53.0,,95.0,41.65,198.0,0.884,198.0,0.843,11
75X186,P186X Walter J. Damrosch School,D75,684.0,,,Meeting Target,,Meeting Target,Approaching Target,0.69,0.77,0.75,0.73,0.92,0.81,Proficient,Proficient,Proficient,Well Developed,Proficient,Proficient,Proficient,Well Developed,Proficient,Proficient,February 2019,0.272,0.728,0.0,0.345,0.997,0.039,0.012,0.896,0.95,0.213,0.912,0.037,0.344,0.57,0.01,0.004,0.026,0.052,0.203,0.255,0.05,0.0,0.399,0.047,0.264,0.627,0.01,0.004,0.04,3.8,0.739,0.027,0.938,0.89,0.07,0.04,0.91,,,Exceeding Target,568.0,0.027,4.65,Exceeding Target,613.0,0.073,4.13,Meeting Target,568.0,0.07,3.38,,0.75,,0.83,3.78,0.82,,0.83,3.55,0.94,2.8,0.88,0.5,0.23,0.37,AVA KAPLAN,February 2019,165.0,0.03,165.0,0.036,165.0,0.745,165.0,0.188,165.0,0.018,165.0,0.079,165.0,0.588,165.0,0.315,325.0,48.14,184.0,42.26,174.0,33.07,165.0,0.933,165.0,0.903,12
75X188,P.S. X188,D75,475.0,Exceeding Target,Meeting Target,Exceeding Target,Meeting Target,Exceeding Target,Meeting Target,0.81,0.79,0.89,0.79,0.97,0.9,Well Developed,Proficient,Well Developed,Well Developed,Proficient,Proficient,Proficient,Proficient,Well Developed,Proficient,November 2017,0.265,0.735,0.0,0.286,1.0,0.042,0.008,0.901,0.975,0.162,0.935,0.029,0.349,0.581,0.008,0.008,0.023,0.056,0.403,0.274,0.0,0.0,0.242,0.047,0.264,0.627,0.01,0.004,0.04,14.0,0.807,0.031,0.951,0.92,,,0.95,,,Exceeding Target,449.0,0.031,4.77,Meeting Target,478.0,0.025,3.1,Meeting Target,466.0,0.082,3.7,4.26,0.75,3.63,0.83,4.27,0.82,3.38,0.83,4.45,0.94,3.8,0.88,0.96,0.86,0.61,SHANIE JOHNSON,November 2017,207.0,0.014,207.0,0.068,207.0,0.763,207.0,0.155,207.0,0.024,207.0,0.092,207.0,0.541,207.0,0.343,300.0,50.65,41.0,,45.0,,207.0,0.918,207.0,0.884,10
75X188,P.S. X188,D75,475.0,Exceeding Target,Meeting Target,Exceeding Target,Meeting Target,Exceeding Target,Meeting Target,0.81,0.79,0.89,0.79,0.97,0.9,Well Developed,Proficient,Well Developed,Well Developed,Proficient,Proficient,Proficient,Proficient,Well Developed,Proficient,November 2017,0.265,0.735,0.0,0.286,1.0,0.042,0.008,0.901,0.975,0.162,0.935,0.029,0.349,0.581,0.008,0.008,0.023,0.056,0.403,0.274,0.0,0.0,0.242,0.047,0.264,0.627,0.01,0.004,0.04,14.0,0.807,0.031,0.951,0.92,,,0.95,,,Exceeding Target,449.0,0.031,4.77,Meeting Target,478.0,0.025,3.1,Meeting Target,466.0,0.082,3.7,4.26,0.75,3.63,0.83,4.27,0.82,3.38,0.83,4.45,0.94,3.8,0.88,0.96,0.86,0.61,SHANIE JOHNSON,November 2017,207.0,0.014,207.0,0.068,207.0,0.763,207.0,0.155,207.0,0.024,207.0,0.092,207.0,0.541,207.0,0.343,300.0,50.65,41.0,,45.0,,207.0,0.918,207.0,0.884,10
75X352,The Vida Bogart School for All Children,D75,456.0,Exceeding Target,Exceeding Target,Exceeding Target,Meeting Target,Exceeding Target,Exceeding Target,0.86,0.82,0.96,0.85,0.98,0.94,Well Developed,Proficient,Well Developed,Well Developed,Well Developed,Well Developed,Well Developed,Proficient,Well Developed,Proficient,December 2017,0.204,0.796,0.0,0.149,0.998,0.002,0.002,0.961,0.924,0.134,0.895,0.042,0.272,0.601,0.018,0.004,0.05,0.05,0.275,0.3,0.0,0.0,0.325,0.047,0.264,0.627,0.01,0.004,0.04,17.2,0.9,0.047,0.943,0.98,,,0.98,,,Exceeding Target,395.0,0.047,4.99,Meeting Target,472.0,0.066,3.92,Approaching Target,441.0,0.023,2.33,4.4,0.75,4.13,0.83,4.81,0.82,3.94,0.83,4.57,0.94,4.34,0.88,0.96,0.61,0.69,LOURDES MENDEZ,December 2017,144.0,0.0,144.0,0.007,144.0,0.701,144.0,0.292,144.0,0.007,144.0,0.007,144.0,0.472,144.0,0.514,93.0,61.12,,0.15,,0.15,144.0,0.993,144.0,0.986,12
75X469,The Bronx School for Continuous Learners,D75,596.0,Meeting Target,Exceeding Target,,Exceeding Target,Exceeding Target,Exceeding Target,0.83,0.95,0.83,0.95,0.99,0.94,Proficient,Proficient,Well Developed,Well Developed,Proficient,Proficient,Well Developed,Proficient,Proficient,Well Developed,December 2017,0.218,0.782,0.0,0.228,1.0,0.0,0.067,0.904,0.928,0.161,0.893,0.052,0.326,0.559,0.012,0.0,0.05,0.055,0.189,0.362,0.0,0.0,0.307,0.047,0.264,0.627,0.01,0.004,0.04,9.2,0.654,0.047,0.941,0.86,0.12,0.02,0.86,,,Exceeding Target,522.0,0.047,4.99,Meeting Target,480.0,0.027,3.14,Exceeding Target,467.0,0.128,4.99,3.98,0.75,4.02,0.83,,0.82,4.5,0.83,4.83,0.94,4.3,0.88,0.15,0.83,0.51,Janine Tubiolo,December 2017,145.0,0.041,145.0,0.103,145.0,0.745,145.0,0.11,146.0,0.068,146.0,0.158,146.0,0.555,146.0,0.219,83.0,,56.0,,,0.15,145.0,0.855,146.0,0.774,10
75X596,P.S. X596,D75,380.0,Exceeding Target,Exceeding Target,,Exceeding Target,Exceeding Target,Meeting Target,0.77,0.83,0.85,0.77,0.96,0.9,Well Developed,Well Developed,Well Developed,Well Developed,Well Developed,Well Developed,Well Developed,Well Developed,Well Developed,Well Developed,January 2020,0.25,0.75,0.0,0.153,1.0,0.076,0.003,0.911,0.853,0.063,0.813,0.103,0.313,0.521,0.003,0.003,0.058,0.05,0.137,0.147,0.0,0.0,0.657,0.047,0.264,0.627,0.01,0.004,0.04,5.1,0.873,0.031,0.951,0.99,,,0.98,0.0,0.02,Exceeding Target,321.0,0.031,4.77,,355.0,0.011,,,351.0,0.094,,4.57,0.75,4.13,0.83,,0.82,4.11,0.83,4.32,0.94,3.65,0.88,,0.39,0.3,JOHN SIRACUSE,January 2020,72.0,0.069,72.0,0.111,72.0,0.764,72.0,0.056,72.0,0.056,72.0,0.153,72.0,0.583,72.0,0.208,187.0,43.18,24.0,,30.0,42.37,72.0,0.819,72.0,0.792,11
75X721,P.S. X721 - Stephen McSweeney School,D75,511.0,Exceeding Target,Meeting Target,Meeting Target,Exceeding Target,Meeting Target,Meeting Target,0.74,0.79,0.78,0.8,0.91,0.85,Well Developed,Proficient,Well Developed,Well Developed,Well Developed,Well Developed,Well Developed,Well Developed,Proficient,Proficient,January 2019,0.313,0.687,0.0,0.37,0.998,0.043,0.002,0.771,0.975,0.129,0.975,0.025,0.348,0.581,0.012,0.004,0.025,0.05,0.131,0.215,0.0,0.0,0.551,0.047,0.264,0.627,0.01,0.004,0.04,3.8,0.841,0.014,0.949,0.94,,,0.92,,,Exceeding Target,501.0,0.014,4.23,Approaching Target,435.0,0.005,2.17,Approaching Target,433.0,0.028,2.43,4.17,0.75,3.6,0.83,3.89,0.82,4.01,0.83,3.47,0.94,3.15,0.88,0.3,0.7,0.24,Frank Degennaro,January 2019,81.0,0.049,81.0,0.16,81.0,0.716,81.0,0.074,81.0,0.062,81.0,0.111,81.0,0.654,81.0,0.173,,0.15,,0.15,,0.15,81.0,0.79,81.0,0.827,11
75X723,P.S. 723,D75,394.0,,,Meeting Target,,,,0.71,0.67,0.74,0.67,0.91,0.8,Well Developed,Well Developed,Well Developed,Well Developed,Well Developed,Proficient,Well Developed,Proficient,Proficient,Proficient,January 2018,0.251,0.749,0.0,0.094,0.985,0.041,0.025,0.883,0.943,0.206,0.914,0.013,0.383,0.515,0.023,0.003,0.063,0.05,0.262,0.243,0.0,0.0,0.388,0.047,0.264,0.627,0.01,0.004,0.04,7.7,0.825,0.008,0.95,0.93,0.05,0.02,0.91,,,Exceeding Target,364.0,0.008,4.03,Exceeding Target,393.0,0.092,4.92,Meeting Target,357.0,0.084,3.76,,0.75,,0.83,3.48,0.82,,0.83,,0.94,,0.88,0.4,0.2,0.2,SHANTE CHUNN,January 2018,88.0,0.011,88.0,0.023,88.0,0.784,88.0,0.182,88.0,0.011,88.0,0.068,88.0,0.67,88.0,0.25,42.0,,102.0,45.72,105.0,33.3,88.0,0.966,88.0,0.92,11
75X754,J. M. Rapport School Career Development,D75,378.0,,,Meeting Target,,,,0.76,0.8,0.73,0.86,0.97,0.85,Well Developed,Proficient,Proficient,Well Developed,Well Developed,Well Developed,Well Developed,Well Developed,Well Developed,Well Developed,December 2017,0.328,0.672,0.0,0.294,0.979,0.021,0.016,0.656,0.975,0.262,0.975,0.011,0.331,0.627,0.011,0.003,0.013,0.076,0.167,0.303,0.0,0.0,0.364,0.047,0.264,0.627,0.01,0.004,0.04,11.2,0.864,-0.038,0.952,0.62,,,0.92,,,Approaching Target,333.0,-0.038,2.4,Meeting Target,334.0,0.054,3.68,Approaching Target,316.0,0.044,2.76,,0.75,,0.83,3.09,0.82,,0.83,,0.94,,0.88,0.41,,0.02,DANIEL HOEHN,December 2017,45.0,0.0,45.0,0.111,45.0,0.778,45.0,0.111,45.0,0.022,45.0,0.089,45.0,0.667,45.0,0.222,116.0,48.29,23.0,,33.0,,45.0,0.889,45.0,0.889,7
75X811,P.S. X811,D75,598.0,Exceeding Target,Exceeding Target,Exceeding Target,Meeting Target,Meeting Target,Meeting Target,0.77,0.83,0.83,0.85,0.91,0.89,Well Developed,Well Developed,Well Developed,Well Developed,Well Developed,,,,,,29-Mar-16,0.339,0.661,0.0,0.376,0.998,0.007,0.043,0.793,0.975,0.137,0.975,0.027,0.279,0.617,0.018,0.015,0.04,0.076,0.29,0.328,0.05,0.0,0.275,0.047,0.264,0.627,0.01,0.004,0.04,2.7,0.886,0.033,0.942,0.88,0.07,0.04,0.92,0.0,0.07,Exceeding Target,580.0,0.033,4.84,Approaching Target,452.0,0.002,2.0,Approaching Target,451.0,0.029,2.45,4.61,0.75,4.2,0.83,4.18,0.82,3.77,0.83,3.47,0.94,3.64,0.88,0.4,0.62,0.4,Rosa Nieves Greene,29-Mar-16,104.0,0.106,104.0,0.173,104.0,0.625,104.0,0.096,104.0,0.173,104.0,0.173,104.0,0.346,104.0,0.308,,0.15,15.0,0.15,,0.15,104.0,0.721,104.0,0.654,12
75X811,P.S. X811,D75,598.0,Exceeding Target,Exceeding Target,Exceeding Target,Meeting Target,Meeting Target,Meeting Target,0.77,0.83,0.83,0.85,0.91,0.89,Well Developed,Well Developed,Well Developed,Well Developed,Well Developed,,,,,,29-Mar-16,0.339,0.661,0.0,0.376,0.998,0.007,0.043,0.793,0.975,0.137,0.975,0.027,0.279,0.617,0.018,0.015,0.04,0.076,0.29,0.328,0.05,0.0,0.275,0.047,0.264,0.627,0.01,0.004,0.04,2.7,0.886,0.033,0.942,0.88,0.07,0.04,0.92,0.0,0.07,Exceeding Target,580.0,0.033,4.84,Approaching Target,452.0,0.002,2.0,Approaching Target,451.0,0.029,2.45,4.61,0.75,4.2,0.83,4.18,0.82,3.77,0.83,3.47,0.94,3.64,0.88,0.4,0.62,0.4,Rosa Nieves Greene,29-Mar-16,104.0,0.106,104.0,0.173,104.0,0.625,104.0,0.096,104.0,0.173,104.0,0.173,104.0,0.346,104.0,0.308,,0.15,15.0,0.15,,0.15,104.0,0.721,104.0,0.654,12
84M337,NYC Autism Charter School East Harlem,D75,39.0,Meeting Target,Meeting Target,,Exceeding Target,Exceeding Target,Approaching Target,0.66,0.86,0.89,0.89,0.99,0.82,,,,,,,,,,,,0.231,0.769,0.0,0.103,1.0,0.026,0.0,0.282,0.837,0.077,0.769,0.051,0.333,0.333,0.026,0.026,0.205,0.05,0.05,0.05,0.0,0.0,0.6,0.117,0.224,0.454,0.007,0.003,0.161,1.0,1.0,0.15,0.93,,,,,,,,,0.15,,Exceeding Target,30.0,0.167,4.99,Not Meeting Target,25.0,0.0,1.0,3.59,0.75,3.93,0.83,,0.82,4.15,0.83,4.83,0.94,2.78,0.88,0.29,1.0,0.85,,,1.0,0.15,1.0,0.15,1.0,0.15,1.0,0.15,1.0,0.15,1.0,0.15,1.0,0.15,1.0,0.15,,0.15,,0.15,,0.15,1.0,0.15,1.0,0.15,4
84X587,NYC Autism Charter School Bronx,D75,32.0,Meeting Target,Exceeding Target,,Exceeding Target,Exceeding Target,Exceeding Target,0.61,0.95,0.92,0.94,1.0,1.0,,,,,,,,,,,,0.156,0.844,0.0,0.031,1.0,0.0,0.0,0.156,0.975,0.094,0.938,0.031,0.438,0.531,0.0,0.0,0.0,0.05,0.05,0.05,0.0,0.0,0.5,0.047,0.264,0.627,0.01,0.004,0.04,1.0,1.0,0.15,0.93,,,,,,,,,0.15,,Meeting Target,32.0,0.031,3.22,Not Meeting Target,31.0,0.0,1.0,3.28,0.75,4.49,0.83,,0.82,4.84,0.83,4.99,0.94,4.99,0.88,0.2,1.0,0.72,,,4.0,0.15,4.0,0.15,4.0,0.15,4.0,0.15,4.0,0.15,4.0,0.15,4.0,0.15,4.0,0.15,,0.15,,0.15,,0.15,4.0,0.15,4.0,0.15,12
